{"Response": {"BLEU": 0.046290983881239395, "Retrieval": {"r1": 0.0840244731475187, "r5": 0.2531611148878314, "r10": 0.36696125084976206, "mean": 28.841332426920463, "mrr": 0.1794854314116923}}}